{"cameraMode":{"drawMode":0,"name":"Shaded","section":"Shading Mode"},"sceneLighting":true,"audioPlay":false,"sceneViewState":{"showFog":true,"showMaterialUpdate":false,"showSkybox":true,"showFlares":true,"showImageEffects":true,"showParticleSystems":true},"in2DMode":false,"pivot":{"x":-28.377058029174806,"y":1.1729481220245362,"z":12.73088264465332},"rotation":{"x":-0.03387545049190521,"y":0.9559043049812317,"z":-0.26486340165138247,"w":-0.12225750833749771},"size":53.89532470703125,"orthographic":false}